{
    "name": "root",
    "gauges": {
        "MyBehavior.Policy.Entropy.mean": {
            "value": 1.4220682382583618,
            "min": 1.4209439754486084,
            "max": 1.4228960275650024,
            "count": 3
        },
        "MyBehavior.Policy.Entropy.sum": {
            "value": 71057.90625,
            "min": 71057.90625,
            "max": 71479.1640625,
            "count": 3
        },
        "MyBehavior.Environment.EpisodeLength.mean": {
            "value": 40.836120401337794,
            "min": 34.69379014989293,
            "max": 40.836120401337794,
            "count": 3
        },
        "MyBehavior.Environment.EpisodeLength.sum": {
            "value": 48840.0,
            "min": 48606.0,
            "max": 48840.0,
            "count": 3
        },
        "MyBehavior.Step.mean": {
            "value": 149997.0,
            "min": 49964.0,
            "max": 149997.0,
            "count": 3
        },
        "MyBehavior.Step.sum": {
            "value": 149997.0,
            "min": 49964.0,
            "max": 149997.0,
            "count": 3
        },
        "MyBehavior.Policy.ExtrinsicValueEstimate.mean": {
            "value": 0.7683399319648743,
            "min": 0.4884062111377716,
            "max": 0.7683399319648743,
            "count": 3
        },
        "MyBehavior.Policy.ExtrinsicValueEstimate.sum": {
            "value": 918.9345703125,
            "min": 683.7686767578125,
            "max": 923.0939331054688,
            "count": 3
        },
        "MyBehavior.Environment.CumulativeReward.mean": {
            "value": 0.93561872909699,
            "min": 0.6721428571428572,
            "max": 0.93561872909699,
            "count": 3
        },
        "MyBehavior.Environment.CumulativeReward.sum": {
            "value": 1119.0,
            "min": 941.0,
            "max": 1119.0,
            "count": 3
        },
        "MyBehavior.Policy.ExtrinsicReward.mean": {
            "value": 0.93561872909699,
            "min": 0.6721428571428572,
            "max": 0.93561872909699,
            "count": 3
        },
        "MyBehavior.Policy.ExtrinsicReward.sum": {
            "value": 1119.0,
            "min": 941.0,
            "max": 1119.0,
            "count": 3
        },
        "MyBehavior.Losses.PolicyLoss.mean": {
            "value": 0.02368103343527764,
            "min": 0.023050883965333925,
            "max": 0.024867839263752103,
            "count": 3
        },
        "MyBehavior.Losses.PolicyLoss.sum": {
            "value": 0.1184051671763882,
            "min": 0.0922035358613357,
            "max": 0.12433919631876052,
            "count": 3
        },
        "MyBehavior.Losses.ValueLoss.mean": {
            "value": 0.010988482184087238,
            "min": 0.010988482184087238,
            "max": 0.06407277301574747,
            "count": 3
        },
        "MyBehavior.Losses.ValueLoss.sum": {
            "value": 0.05494241092043619,
            "min": 0.05494241092043619,
            "max": 0.2562910920629899,
            "count": 3
        },
        "MyBehavior.Policy.LearningRate.mean": {
            "value": 0.00022596734467755994,
            "min": 0.00022596734467755994,
            "max": 0.00028458300513899994,
            "count": 3
        },
        "MyBehavior.Policy.LearningRate.sum": {
            "value": 0.0011298367233877997,
            "min": 0.0011298367233877997,
            "max": 0.0012839442720185999,
            "count": 3
        },
        "MyBehavior.Policy.Epsilon.mean": {
            "value": 0.17532244000000002,
            "min": 0.17532244000000002,
            "max": 0.19486099999999995,
            "count": 3
        },
        "MyBehavior.Policy.Epsilon.sum": {
            "value": 0.8766122000000001,
            "min": 0.7794439999999998,
            "max": 0.9279814000000001,
            "count": 3
        },
        "MyBehavior.Policy.Beta.mean": {
            "value": 0.003768589756,
            "min": 0.003768589756,
            "max": 0.0047435639,
            "count": 3
        },
        "MyBehavior.Policy.Beta.sum": {
            "value": 0.01884294878,
            "min": 0.01884294878,
            "max": 0.02140627186,
            "count": 3
        },
        "MyBehavior.IsTraining.mean": {
            "value": 1.0,
            "min": 1.0,
            "max": 1.0,
            "count": 3
        },
        "MyBehavior.IsTraining.sum": {
            "value": 1.0,
            "min": 1.0,
            "max": 1.0,
            "count": 3
        }
    },
    "metadata": {
        "timer_format_version": "0.1.0",
        "start_time_seconds": "1700356486",
        "python_version": "3.8.18 (default, Sep 11 2023, 13:39:12) [MSC v.1916 64 bit (AMD64)]",
        "command_line_arguments": "\\\\?\\D:\\Programas\\Anaconda\\envs\\mlagents_topics\\Scripts\\mlagents-learn --force",
        "mlagents_version": "0.28.0",
        "mlagents_envs_version": "0.28.0",
        "communication_protocol_version": "1.5.0",
        "pytorch_version": "2.1.1+cu121",
        "numpy_version": "1.23.5",
        "end_time_seconds": "1700356730"
    },
    "total": 243.97230869999999,
    "count": 1,
    "self": 0.009029499999996915,
    "children": {
        "run_training.setup": {
            "total": 0.020060899999999826,
            "count": 1,
            "self": 0.020060899999999826
        },
        "TrainerController.start_learning": {
            "total": 243.94321829999998,
            "count": 1,
            "self": 0.2967165000001444,
            "children": {
                "TrainerController._reset_env": {
                    "total": 19.1492519,
                    "count": 1,
                    "self": 19.1492519
                },
                "TrainerController.advance": {
                    "total": 224.38996609999984,
                    "count": 13736,
                    "self": 0.28736160000110544,
                    "children": {
                        "env_step": {
                            "total": 176.91794009999904,
                            "count": 13736,
                            "self": 149.7037748999972,
                            "children": {
                                "SubprocessEnvManager._take_step": {
                                    "total": 27.02545590000148,
                                    "count": 13736,
                                    "self": 0.8196258000001713,
                                    "children": {
                                        "TorchPolicy.evaluate": {
                                            "total": 26.205830100001307,
                                            "count": 11114,
                                            "self": 10.379861000001245,
                                            "children": {
                                                "TorchPolicy.sample_actions": {
                                                    "total": 15.825969100000062,
                                                    "count": 11114,
                                                    "self": 15.825969100000062
                                                }
                                            }
                                        }
                                    }
                                },
                                "workers": {
                                    "total": 0.18870930000035457,
                                    "count": 13735,
                                    "self": 0.0,
                                    "children": {
                                        "worker_root": {
                                            "total": 163.25316570000103,
                                            "count": 13735,
                                            "is_parallel": true,
                                            "self": 95.32944780000149,